time,open,high,low,close,volume,timestamp
2020-06-12 00:00:00,0.09335000,0.17500000,0.09335000,0.10400000,3387621.00000000,1591920000000
2020-06-13 00:00:00,0.10403000,0.11540000,0.10041000,0.10227000,5595755.50000000,1592006400000
2020-06-14 00:00:00,0.10225000,0.10543000,0.09293000,0.09300000,3148213.50000000,1592092800000
2020-06-15 00:00:00,0.09284000,0.09661000,0.08179000,0.09194000,7099419.80000000,1592179200000
2020-06-16 00:00:00,0.09179000,0.09600000,0.08919000,0.09199000,4313615.00000000,1592265600000
2020-06-17 00:00:00,0.09206000,0.09260000,0.08757000,0.08951000,4485298.70000000,1592352000000
2020-06-18 00:00:00,0.08962000,0.09500000,0.08901000,0.09119000,3422795.20000000,1592438400000
2020-06-19 00:00:00,0.09119000,0.09500000,0.08802000,0.09378000,3532628.70000000,1592524800000
2020-06-20 00:00:00,0.09374000,0.09464000,0.08826000,0.09018000,5454382.40000000,1592611200000
2020-06-21 00:00:00,0.09018000,0.09162000,0.08948000,0.09080000,1572310.50000000,1592697600000
2020-06-22 00:00:00,0.09075000,0.09185000,0.08286000,0.08749000,7474042.30000000,1592784000000
2020-06-23 00:00:00,0.08749000,0.08749000,0.08424000,0.08439000,3242025.90000000,1592870400000
2020-06-24 00:00:00,0.08488000,0.08520000,0.07862000,0.07994000,3951479.70000000,1592956800000
2020-06-25 00:00:00,0.08004000,0.08024000,0.07537000,0.07594000,3649203.70000000,1593043200000
2020-06-26 00:00:00,0.07582000,0.08850000,0.07582000,0.08632000,10792389.40000000,1593129600000
2020-06-27 00:00:00,0.08632000,0.08682000,0.07203000,0.07494000,6087793.50000000,1593216000000
2020-06-28 00:00:00,0.07449000,0.07845000,0.07325000,0.07528000,1817414.10000000,1593302400000
2020-06-29 00:00:00,0.07576000,0.07703000,0.07100000,0.07474000,4074629.60000000,1593388800000
2020-06-30 00:00:00,0.07474000,0.07780000,0.07309000,0.07452000,3728237.40000000,1593475200000
2020-07-01 00:00:00,0.07432000,0.08071000,0.07326000,0.07944000,5192550.60000000,1593561600000
2020-07-02 00:00:00,0.07939000,0.08950000,0.07931000,0.08280000,13036526.80000000,1593648000000
2020-07-03 00:00:00,0.08325000,0.09123000,0.08265000,0.09094000,7145946.90000000,1593734400000
2020-07-04 00:00:00,0.09094000,0.10940000,0.09083000,0.10470000,23949895.10000000,1593820800000
2020-07-05 00:00:00,0.10486000,0.11350000,0.09851000,0.10148000,17735194.90000000,1593907200000
2020-07-06 00:00:00,0.10110000,0.11000000,0.09529000,0.10119000,14580027.80000000,1593993600000
2020-07-07 00:00:00,0.10084000,0.10135000,0.09601000,0.09707000,9196785.40000000,1594080000000
2020-07-08 00:00:00,0.09707000,0.10426000,0.09386000,0.10146000,10640359.00000000,1594166400000
2020-07-09 00:00:00,0.10100000,0.10100000,0.09027000,0.09260000,6052898.70000000,1594252800000
2020-07-10 00:00:00,0.09259000,0.09777000,0.09072000,0.09713000,3819509.40000000,1594339200000
2020-07-11 00:00:00,0.09663000,0.10655000,0.09635000,0.10425000,8662957.90000000,1594425600000
2020-07-12 00:00:00,0.10425000,0.10629000,0.09726000,0.10338000,7747030.10000000,1594512000000
2020-07-13 00:00:00,0.10339000,0.16720000,0.10190000,0.12506000,62888552.30000000,1594598400000
2020-07-14 00:00:00,0.12519000,0.13492000,0.12000000,0.12695000,18546277.20000000,1594684800000
2020-07-15 00:00:00,0.12701000,0.13632000,0.12100000,0.12353000,9609613.20000000,1594771200000
2020-07-16 00:00:00,0.12315000,0.12537000,0.10973000,0.11944000,9775671.00000000,1594857600000
2020-07-17 00:00:00,0.11949000,0.13600000,0.11429000,0.13042000,10310881.80000000,1594944000000
2020-07-18 00:00:00,0.12990000,0.14250000,0.12371000,0.13464000,11769671.60000000,1595030400000
2020-07-19 00:00:00,0.13439000,0.13740000,0.12700000,0.13348000,10228825.90000000,1595116800000
2020-07-20 00:00:00,0.13289000,0.13807000,0.11939000,0.12473000,10309956.50000000,1595203200000
2020-07-21 00:00:00,0.12440000,0.12757000,0.11903000,0.12286000,6560601.40000000,1595289600000
2020-07-22 00:00:00,0.12276000,0.12850000,0.12111000,0.12365000,3271787.90000000,1595376000000
2020-07-23 00:00:00,0.12365000,0.12997000,0.12341000,0.12515000,4185162.80000000,1595462400000
2020-07-24 00:00:00,0.12514000,0.12540000,0.11700000,0.11762000,6834543.80000000,1595548800000
2020-07-25 00:00:00,0.11758000,0.12244000,0.11500000,0.11609000,4028535.40000000,1595635200000
2020-07-26 00:00:00,0.11563000,0.11780000,0.10596000,0.10909000,6882560.40000000,1595721600000
2020-07-27 00:00:00,0.10871000,0.10909000,0.09000000,0.10269000,11868338.50000000,1595808000000
2020-07-28 00:00:00,0.10310000,0.11744000,0.09927000,0.11432000,9882434.80000000,1595894400000
2020-07-29 00:00:00,0.11507000,0.11582000,0.10559000,0.10616000,3373871.30000000,1595980800000
2020-07-30 00:00:00,0.10643000,0.10876000,0.10371000,0.10750000,2709894.00000000,1596067200000
2020-07-31 00:00:00,0.10818000,0.10904000,0.10000000,0.10247000,4896183.10000000,1596153600000
2020-08-01 00:00:00,0.10264000,0.10775000,0.10155000,0.10695000,4218184.80000000,1596240000000
2020-08-02 00:00:00,0.10681000,0.13400000,0.10069000,0.12536000,19982649.90000000,1596326400000
2020-08-03 00:00:00,0.12537000,0.12831000,0.12014000,0.12402000,10737127.00000000,1596412800000
2020-08-04 00:00:00,0.12444000,0.13899000,0.12271000,0.13350000,11417444.60000000,1596499200000
2020-08-05 00:00:00,0.13350000,0.13400000,0.12528000,0.13024000,4679234.10000000,1596585600000
2020-08-06 00:00:00,0.13136000,0.13600000,0.12578000,0.13149000,5676801.30000000,1596672000000
2020-08-07 00:00:00,0.13147000,0.13443000,0.11922000,0.12574000,5717109.90000000,1596758400000
2020-08-08 00:00:00,0.12574000,0.13748000,0.12252000,0.13500000,6545350.30000000,1596844800000
2020-08-09 00:00:00,0.13501000,0.15210000,0.13291000,0.14619000,18175064.90000000,1596931200000
2020-08-10 00:00:00,0.14619000,0.14984000,0.13810000,0.14620000,10788751.10000000,1597017600000
2020-08-11 00:00:00,0.14557000,0.14629000,0.12822000,0.13387000,8066353.10000000,1597104000000
2020-08-12 00:00:00,0.13475000,0.14893000,0.12511000,0.14579000,9797591.60000000,1597190400000
2020-08-13 00:00:00,0.14552000,0.16600000,0.13328000,0.15924000,18135471.50000000,1597276800000
2020-08-14 00:00:00,0.15925000,0.19253000,0.15579000,0.18881000,17509419.80000000,1597363200000
2020-08-15 00:00:00,0.18986000,0.22379000,0.17266000,0.17473000,31207593.80000000,1597449600000
2020-08-16 00:00:00,0.17473000,0.19531000,0.17183000,0.18841000,15488404.60000000,1597536000000
2020-08-17 00:00:00,0.18768000,0.20568000,0.17865000,0.17883000,14197191.00000000,1597622400000
2020-08-18 00:00:00,0.17929000,0.18634000,0.16500000,0.17500000,9091397.10000000,1597708800000
2020-08-19 00:00:00,0.17454000,0.17888000,0.15800000,0.16029000,6566314.10000000,1597795200000
2020-08-20 00:00:00,0.16030000,0.19585000,0.15938000,0.19298000,9556774.10000000,1597881600000
2020-08-21 00:00:00,0.19291000,0.22988000,0.17028000,0.17160000,28807493.40000000,1597968000000
2020-08-22 00:00:00,0.17160000,0.19773000,0.16064000,0.19627000,9998576.10000000,1598054400000
2020-08-23 00:00:00,0.19669000,0.20920000,0.18707000,0.19127000,6803359.00000000,1598140800000
2020-08-24 00:00:00,0.19127000,0.19350000,0.18494000,0.18962000,6526326.30000000,1598227200000
2020-08-25 00:00:00,0.18962000,0.20350000,0.17478000,0.19802000,13102204.00000000,1598313600000
2020-08-26 00:00:00,0.19803000,0.20000000,0.18670000,0.19433000,8243132.80000000,1598400000000
2020-08-27 00:00:00,0.19466000,0.19870000,0.17700000,0.18711000,6802417.10000000,1598486400000
2020-08-28 00:00:00,0.18715000,0.20025000,0.18270000,0.19305000,4652079.90000000,1598572800000
2020-08-29 00:00:00,0.19402000,0.21579000,0.18962000,0.20528000,11699297.40000000,1598659200000
2020-08-30 00:00:00,0.20469000,0.24997000,0.20439000,0.23625000,17339777.40000000,1598745600000
2020-08-31 00:00:00,0.23625000,0.24383000,0.21127000,0.21671000,13106489.80000000,1598832000000
2020-09-01 00:00:00,0.21671000,0.23090000,0.21062000,0.22554000,11992623.40000000,1598918400000
2020-09-02 00:00:00,0.22532000,0.23982000,0.19468000,0.22200000,16112080.40000000,1599004800000
2020-09-03 00:00:00,0.22171000,0.26589000,0.20741000,0.21052000,46757604.90000000,1599091200000
2020-09-04 00:00:00,0.20973000,0.23330000,0.18989000,0.20631000,18877799.90000000,1599177600000
2020-09-05 00:00:00,0.20654000,0.22048000,0.16000000,0.17121000,15249359.70000000,1599264000000
2020-09-06 00:00:00,0.17104000,0.18797000,0.15304000,0.18309000,12857900.40000000,1599350400000
2020-09-07 00:00:00,0.18310000,0.18598000,0.16340000,0.17775000,7555154.10000000,1599436800000
2020-09-08 00:00:00,0.17825000,0.18447000,0.16800000,0.17495000,5964356.20000000,1599523200000
2020-09-09 00:00:00,0.17461000,0.22346000,0.16942000,0.20668000,13009570.10000000,1599609600000
2020-09-10 00:00:00,0.20668000,0.30829000,0.20648000,0.25369000,63312034.30000000,1599696000000
2020-09-11 00:00:00,0.25368000,0.27346000,0.22571000,0.25048000,29575995.40000000,1599782400000
2020-09-12 00:00:00,0.24988000,0.27353000,0.24844000,0.25679000,15718456.00000000,1599868800000
2020-09-13 00:00:00,0.25713000,0.26988000,0.23759000,0.25456000,11747748.70000000,1599955200000
2020-09-14 00:00:00,0.25370000,0.28779000,0.24999000,0.25889000,32564653.30000000,1600041600000
2020-09-15 00:00:00,0.25890000,0.29714000,0.24879000,0.25460000,42565969.70000000,1600128000000
2020-09-16 00:00:00,0.25460000,0.25790000,0.22711000,0.24622000,21937297.10000000,1600214400000
2020-09-17 00:00:00,0.24636000,0.28900000,0.22000000,0.26299000,36226860.70000000,1600300800000
2020-09-18 00:00:00,0.26298000,0.28697000,0.25021000,0.26193000,24722162.40000000,1600387200000
2020-09-19 00:00:00,0.26182000,0.27200000,0.24347000,0.25433000,10100473.20000000,1600473600000
2020-09-20 00:00:00,0.25424000,0.25861000,0.23832000,0.24223000,8779622.30000000,1600560000000
2020-09-21 00:00:00,0.24152000,0.27890000,0.22831000,0.24245000,38464262.40000000,1600646400000
2020-09-22 00:00:00,0.24356000,0.25683000,0.23600000,0.23920000,20423443.60000000,1600732800000
2020-09-23 00:00:00,0.23961000,0.24234000,0.20774000,0.21010000,18358851.30000000,1600819200000
2020-09-24 00:00:00,0.21006000,0.22725000,0.20704000,0.22561000,11454354.20000000,1600905600000
2020-09-25 00:00:00,0.22509000,0.23667000,0.21432000,0.22506000,10086613.40000000,1600992000000
2020-09-26 00:00:00,0.22486000,0.22764000,0.21764000,0.22457000,5228645.70000000,1601078400000
2020-09-27 00:00:00,0.22505000,0.22968000,0.21327000,0.21832000,6309726.30000000,1601164800000
2020-09-28 00:00:00,0.21834000,0.23408000,0.21575000,0.22352000,7520904.40000000,1601251200000
2020-09-29 00:00:00,0.22352000,0.23084000,0.21330000,0.22105000,5298062.80000000,1601337600000
2020-09-30 00:00:00,0.22085000,0.22255000,0.21035000,0.21562000,4842654.30000000,1601424000000
2020-10-01 00:00:00,0.21577000,0.22506000,0.20395000,0.21472000,8393724.30000000,1601510400000
2020-10-02 00:00:00,0.21424000,0.22032000,0.18960000,0.19953000,15123458.70000000,1601596800000
2020-10-03 00:00:00,0.19934000,0.20823000,0.19535000,0.20192000,5545645.50000000,1601683200000
2020-10-04 00:00:00,0.20181000,0.20660000,0.19834000,0.19920000,4458757.60000000,1601769600000
2020-10-05 00:00:00,0.19970000,0.20293000,0.19002000,0.19260000,8244500.90000000,1601856000000
2020-10-06 00:00:00,0.19317000,0.19461000,0.17227000,0.17307000,15071491.90000000,1601942400000
2020-10-07 00:00:00,0.17291000,0.17348000,0.15504000,0.16773000,17846355.30000000,1602028800000
2020-10-08 00:00:00,0.16735000,0.19000000,0.16446000,0.18489000,16929050.10000000,1602115200000
2020-10-09 00:00:00,0.18490000,0.19991000,0.17863000,0.19691000,13624946.60000000,1602201600000
2020-10-10 00:00:00,0.19687000,0.21199000,0.19562000,0.20944000,9906335.00000000,1602288000000
2020-10-11 00:00:00,0.20927000,0.21166000,0.19085000,0.19491000,9667104.30000000,1602374400000
2020-10-12 00:00:00,0.19490000,0.20327000,0.18889000,0.19880000,12943904.80000000,1602460800000
2020-10-13 00:00:00,0.19798000,0.19837000,0.18662000,0.18888000,7067277.90000000,1602547200000
2020-10-14 00:00:00,0.18899000,0.19274000,0.17732000,0.17967000,9088039.00000000,1602633600000
2020-10-15 00:00:00,0.17970000,0.18572000,0.17632000,0.18316000,7869898.90000000,1602720000000
2020-10-16 00:00:00,0.18316000,0.18360000,0.16713000,0.16956000,11502380.80000000,1602806400000
2020-10-17 00:00:00,0.16900000,0.17948000,0.16783000,0.17207000,6271153.20000000,1602892800000
2020-10-18 00:00:00,0.17135000,0.17956000,0.17099000,0.17576000,4238468.00000000,1602979200000
2020-10-19 00:00:00,0.17566000,0.17950000,0.16800000,0.17115000,15369152.50000000,1603065600000
2020-10-20 00:00:00,0.17155000,0.17623000,0.15619000,0.15792000,12301101.40000000,1603152000000
2020-10-21 00:00:00,0.15793000,0.17459000,0.15727000,0.16512000,15090712.90000000,1603238400000
2020-10-22 00:00:00,0.16531000,0.17461000,0.16517000,0.16962000,7225433.90000000,1603324800000
2020-10-23 00:00:00,0.16962000,0.17149000,0.16200000,0.16599000,6489769.40000000,1603411200000
2020-10-24 00:00:00,0.16559000,0.16841000,0.16300000,0.16675000,5710241.50000000,1603497600000
2020-10-25 00:00:00,0.16663000,0.17069000,0.16385000,0.16438000,8474335.10000000,1603584000000
2020-10-26 00:00:00,0.16448000,0.16749000,0.15033000,0.15689000,9293091.40000000,1603670400000
2020-10-27 00:00:00,0.15686000,0.16113000,0.15367000,0.15704000,8423991.60000000,1603756800000
2020-10-28 00:00:00,0.15717000,0.15875000,0.14027000,0.14470000,10360548.40000000,1603843200000
2020-10-29 00:00:00,0.14470000,0.14612000,0.12941000,0.13365000,9317591.60000000,1603929600000
2020-10-30 00:00:00,0.13332000,0.13539000,0.11948000,0.12756000,13831581.70000000,1604016000000
2020-10-31 00:00:00,0.12792000,0.14383000,0.12589000,0.14200000,10498859.10000000,1604102400000
2020-11-01 00:00:00,0.14200000,0.15423000,0.14160000,0.14876000,16725615.30000000,1604188800000
2020-11-02 00:00:00,0.14865000,0.15139000,0.13750000,0.13902000,9521347.30000000,1604275200000
2020-11-03 00:00:00,0.13902000,0.13927000,0.12961000,0.13118000,6989661.20000000,1604361600000
2020-11-04 00:00:00,0.13109000,0.13182000,0.11799000,0.12460000,7785115.60000000,1604448000000
2020-11-05 00:00:00,0.12467000,0.12941000,0.11494000,0.12029000,14089764.70000000,1604534400000
2020-11-06 00:00:00,0.12031000,0.14024000,0.12001000,0.13830000,15625673.40000000,1604620800000
2020-11-07 00:00:00,0.13841000,0.16000000,0.13500000,0.14326000,28365995.40000000,1604707200000
2020-11-08 00:00:00,0.14304000,0.16101000,0.13983000,0.15619000,12259450.80000000,1604793600000
2020-11-09 00:00:00,0.15603000,0.17042000,0.14791000,0.15641000,18165630.10000000,1604880000000
2020-11-10 00:00:00,0.15648000,0.24692000,0.15427000,0.21153000,58008584.80000000,1604966400000
2020-11-11 00:00:00,0.21154000,0.22701000,0.18104000,0.18501000,71445659.80000000,1605052800000
2020-11-12 00:00:00,0.18501000,0.19101000,0.17240000,0.17881000,30462221.50000000,1605139200000
2020-11-13 00:00:00,0.17895000,0.19597000,0.17798000,0.19100000,13892463.60000000,1605225600000
2020-11-14 00:00:00,0.19100000,0.19400000,0.17302000,0.17844000,13253932.00000000,1605312000000
2020-11-15 00:00:00,0.17860000,0.18762000,0.17031000,0.17638000,16436047.60000000,1605398400000
2020-11-16 00:00:00,0.17623000,0.19300000,0.17314000,0.18469000,12521883.90000000,1605484800000
2020-11-17 00:00:00,0.18445000,0.19012000,0.18000000,0.18584000,13778892.10000000,1605571200000
2020-11-18 00:00:00,0.18659000,0.18967000,0.16889000,0.17700000,15158158.90000000,1605657600000
2020-11-19 00:00:00,0.17702000,0.18860000,0.17323000,0.17615000,14198624.00000000,1605744000000
2020-11-20 00:00:00,0.17626000,0.20000000,0.17488000,0.18717000,19909686.60000000,1605830400000
2020-11-21 00:00:00,0.18718000,0.20723000,0.18027000,0.19926000,18846840.90000000,1605916800000
2020-11-22 00:00:00,0.19929000,0.20201000,0.17822000,0.18923000,16534352.60000000,1606003200000
2020-11-23 00:00:00,0.18948000,0.20296000,0.18561000,0.19825000,16455870.00000000,1606089600000
2020-11-24 00:00:00,0.19825000,0.22959000,0.19238000,0.22406000,30631836.00000000,1606176000000
2020-11-25 00:00:00,0.22401000,0.23857000,0.20027000,0.20987000,21917987.90000000,1606262400000
2020-11-26 00:00:00,0.20939000,0.22076000,0.16843000,0.18983000,29663051.80000000,1606348800000
2020-11-27 00:00:00,0.19000000,0.19534000,0.17251000,0.18429000,8006588.50000000,1606435200000
2020-11-28 00:00:00,0.18508000,0.20038000,0.18299000,0.19038000,10260263.40000000,1606521600000
2020-11-29 00:00:00,0.19035000,0.20150000,0.18751000,0.19631000,6436304.60000000,1606608000000
2020-11-30 00:00:00,0.19634000,0.20302000,0.18993000,0.20138000,7806524.80000000,1606694400000
2020-12-01 00:00:00,0.20135000,0.20571000,0.18219000,0.18900000,14601064.80000000,1606780800000
2020-12-02 00:00:00,0.18858000,0.20400000,0.18595000,0.20075000,8431385.00000000,1606867200000
2020-12-03 00:00:00,0.20060000,0.20245000,0.19210000,0.19881000,7119052.10000000,1606953600000
2020-12-04 00:00:00,0.19880000,0.19976000,0.18000000,0.18201000,10625846.90000000,1607040000000
2020-12-05 00:00:00,0.18205000,0.19442000,0.17980000,0.19407000,3577316.20000000,1607126400000
2020-12-06 00:00:00,0.19441000,0.19570000,0.18255000,0.18897000,4096379.60000000,1607212800000
2020-12-07 00:00:00,0.18899000,0.18954000,0.18100000,0.18379000,5751421.50000000,1607299200000
2020-12-08 00:00:00,0.18379000,0.19980000,0.17216000,0.18644000,26764538.50000000,1607385600000
2020-12-09 00:00:00,0.18646000,0.19926000,0.16949000,0.18700000,28404420.00000000,1607472000000
2020-12-10 00:00:00,0.18681000,0.18821000,0.17363000,0.17405000,9852705.30000000,1607558400000
2020-12-11 00:00:00,0.17432000,0.17495000,0.16530000,0.16682000,9152447.60000000,1607644800000
2020-12-12 00:00:00,0.16663000,0.18452000,0.16651000,0.17824000,6582348.30000000,1607731200000
2020-12-13 00:00:00,0.17832000,0.18200000,0.17436000,0.17799000,4281967.60000000,1607817600000
2020-12-14 00:00:00,0.17761000,0.17796000,0.17269000,0.17731000,4013760.90000000,1607904000000
2020-12-15 00:00:00,0.17731000,0.17963000,0.17150000,0.17231000,5076650.70000000,1607990400000
2020-12-16 00:00:00,0.17232000,0.17910000,0.16849000,0.17349000,12631981.60000000,1608076800000
2020-12-17 00:00:00,0.17346000,0.18240000,0.16850000,0.17177000,15147575.20000000,1608163200000
2020-12-18 00:00:00,0.17156000,0.17568000,0.16823000,0.17267000,4793772.00000000,1608249600000
2020-12-19 00:00:00,0.17269000,0.17923000,0.17067000,0.17173000,8731737.30000000,1608336000000
2020-12-20 00:00:00,0.17152000,0.17457000,0.16051000,0.17118000,8686900.30000000,1608422400000
2020-12-21 00:00:00,0.17082000,0.17700000,0.15813000,0.16094000,10753304.80000000,1608508800000
2020-12-22 00:00:00,0.16089000,0.16850000,0.15458000,0.16415000,10747405.20000000,1608595200000
2020-12-23 00:00:00,0.16439000,0.16586000,0.13077000,0.14129000,12654756.40000000,1608681600000
2020-12-24 00:00:00,0.14072000,0.15090000,0.13464000,0.14981000,8713247.20000000,1608768000000
2020-12-25 00:00:00,0.15009000,0.15887000,0.14544000,0.15187000,8916542.60000000,1608854400000
2020-12-26 00:00:00,0.15232000,0.15753000,0.14641000,0.15215000,8336937.30000000,1608940800000
2020-12-27 00:00:00,0.15215000,0.16751000,0.14478000,0.16118000,12734044.50000000,1609027200000
2020-12-28 00:00:00,0.16111000,0.18693000,0.15740000,0.17581000,32285442.90000000,1609113600000
2020-12-29 00:00:00,0.17567000,0.18599000,0.16601000,0.18310000,19996515.00000000,1609200000000
2020-12-30 00:00:00,0.18324000,0.20103000,0.17763000,0.17905000,24016787.30000000,1609286400000
2020-12-31 00:00:00,0.17906000,0.17935000,0.16647000,0.16955000,10240527.20000000,1609372800000
2021-01-01 00:00:00,0.16945000,0.18173000,0.16695000,0.17503000,12308078.30000000,1609459200000
2021-01-02 00:00:00,0.17507000,0.17937000,0.16974000,0.17546000,7425720.20000000,1609545600000
2021-01-03 00:00:00,0.17570000,0.27885000,0.17500000,0.27500000,48780505.80000000,1609632000000
2021-01-04 00:00:00,0.27499000,0.38658000,0.24000000,0.36324000,218763698.30000000,1609718400000
2021-01-05 00:00:00,0.36313000,0.62167000,0.34981000,0.49098000,438219069.40000000,1609804800000
2021-01-06 00:00:00,0.49078000,0.51908000,0.40000000,0.40901000,234660453.90000000,1609891200000
2021-01-07 00:00:00,0.40976000,0.44996000,0.35000000,0.36919000,98708764.20000000,1609977600000
2021-01-08 00:00:00,0.37032000,0.38880000,0.31495000,0.34912000,52988876.70000000,1610064000000
2021-01-09 00:00:00,0.34946000,0.43000000,0.34640000,0.38420000,81106000.90000000,1610150400000
2021-01-10 00:00:00,0.38487000,0.40965000,0.32657000,0.35119000,37350051.90000000,1610236800000
2021-01-11 00:00:00,0.35224000,0.35237000,0.26301000,0.31315000,49629219.60000000,1610323200000
2021-01-12 00:00:00,0.31321000,0.34943000,0.30000000,0.32340000,35941315.10000000,1610409600000
2021-01-13 00:00:00,0.32381000,0.41400000,0.30847000,0.41241000,48985610.40000000,1610496000000
2021-01-14 00:00:00,0.41321000,0.44839000,0.37999000,0.40520000,54092989.70000000,1610582400000
2021-01-15 00:00:00,0.40522000,0.41434000,0.34500000,0.38685000,31352090.00000000,1610668800000
2021-01-16 00:00:00,0.38611000,0.42029000,0.37307000,0.38810000,26849060.60000000,1610755200000
2021-01-17 00:00:00,0.38830000,0.43902000,0.36216000,0.42289000,32273682.50000000,1610841600000
2021-01-18 00:00:00,0.42297000,0.43005000,0.39193000,0.41443000,25546248.10000000,1610928000000
2021-01-19 00:00:00,0.41396000,0.51759000,0.41306000,0.46694000,69628491.80000000,1611014400000
2021-01-20 00:00:00,0.46610000,0.48943000,0.39183000,0.45791000,45907877.20000000,1611100800000
2021-01-21 00:00:00,0.45788000,0.46177000,0.36520000,0.36705000,30213880.90000000,1611187200000
2021-01-22 00:00:00,0.36754000,0.41966000,0.33651000,0.39836000,21230203.10000000,1611273600000
2021-01-23 00:00:00,0.39799000,0.43100000,0.38938000,0.40570000,25110853.60000000,1611360000000
2021-01-24 00:00:00,0.40570000,0.42776000,0.40043000,0.42000000,18576868.50000000,1611446400000
2021-01-25 00:00:00,0.41981000,0.47774000,0.41708000,0.41830000,35353256.50000000,1611532800000
2021-01-26 00:00:00,0.41839000,0.44100000,0.39015000,0.43557000,32591468.50000000,1611619200000
2021-01-27 00:00:00,0.43566000,0.46100000,0.38637000,0.39709000,26590274.80000000,1611705600000
2021-01-28 00:00:00,0.39693000,0.47689000,0.38774000,0.44737000,30363822.60000000,1611792000000
2021-01-29 00:00:00,0.44795000,0.48000000,0.41114000,0.44465000,35646520.70000000,1611878400000
2021-01-30 00:00:00,0.44459000,0.51070000,0.43333000,0.50138000,49325965.80000000,1611964800000
2021-01-31 00:00:00,0.50124000,0.57618000,0.47000000,0.49400000,52942237.40000000,1612051200000
2021-02-01 00:00:00,0.49400000,0.54990000,0.46348000,0.53678000,30459661.50000000,1612137600000
2021-02-02 00:00:00,0.53686000,0.55000000,0.51018000,0.53916000,19459530.80000000,1612224000000
2021-02-03 00:00:00,0.53843000,0.57300000,0.52160000,0.56558000,22684456.80000000,1612310400000
2021-02-04 00:00:00,0.56580000,0.59000000,0.52006000,0.53970000,24347684.90000000,1612396800000
2021-02-05 00:00:00,0.53988000,0.79354000,0.53843000,0.72869000,83105203.10000000,1612483200000
2021-02-06 00:00:00,0.72834000,0.74890000,0.62313000,0.65649000,41843409.40000000,1612569600000
2021-02-07 00:00:00,0.65498000,0.67400000,0.57699000,0.62918000,28970271.30000000,1612656000000
2021-02-08 00:00:00,0.62941000,0.68989000,0.61333000,0.66341000,27233997.70000000,1612742400000
2021-02-09 00:00:00,0.66358000,0.69788000,0.63873000,0.69540000,23172775.60000000,1612828800000
2021-02-10 00:00:00,0.69540000,0.72637000,0.63632000,0.69176000,31139758.20000000,1612915200000
2021-02-11 00:00:00,0.69121000,0.76638000,0.67236000,0.75050000,25352167.20000000,1613001600000
2021-02-12 00:00:00,0.75255000,0.88888000,0.70803000,0.81809000,39066167.00000000,1613088000000
2021-02-13 00:00:00,0.81799000,0.86428000,0.75000000,0.82927000,26668538.40000000,1613174400000
2021-02-14 00:00:00,0.83018000,0.83784000,0.74563000,0.77273000,21008689.10000000,1613260800000
2021-02-15 00:00:00,0.77300000,0.78432000,0.63220000,0.71853000,21655706.30000000,1613347200000
2021-02-16 00:00:00,0.71941000,0.74188000,0.66004000,0.69451000,13747074.10000000,1613433600000
2021-02-17 00:00:00,0.69451000,0.76054000,0.66006000,0.75800000,16571428.00000000,1613520000000
2021-02-18 00:00:00,0.75899000,0.80946000,0.75216000,0.76095000,16189587.60000000,1613606400000
2021-02-19 00:00:00,0.76198000,0.77186000,0.71613000,0.73874000,14647231.80000000,1613692800000
2021-02-20 00:00:00,0.73923000,0.79054000,0.67817000,0.70869000,18302931.30000000,1613779200000
2021-02-21 00:00:00,0.70857000,0.81932000,0.69044000,0.77187000,20802080.20000000,1613865600000
2021-02-22 00:00:00,0.77171000,0.77798000,0.54655000,0.68075000,31157665.10000000,1613952000000
2021-02-23 00:00:00,0.68194000,0.68663000,0.45800000,0.56872000,42330522.30000000,1614038400000
2021-02-24 00:00:00,0.56887000,0.63738000,0.54118000,0.58543000,18292174.50000000,1614124800000
2021-02-25 00:00:00,0.58382000,0.61627000,0.52976000,0.53330000,11301890.50000000,1614211200000
2021-02-26 00:00:00,0.53436000,0.55259000,0.48076000,0.51108000,14073392.70000000,1614297600000
2021-02-27 00:00:00,0.51108000,0.56500000,0.50834000,0.53980000,12355881.40000000,1614384000000
2021-02-28 00:00:00,0.53966000,0.54746000,0.46322000,0.51893000,13793761.90000000,1614470400000
2021-03-01 00:00:00,0.51893000,0.59775000,0.51587000,0.59567000,14921619.10000000,1614556800000
2021-03-02 00:00:00,0.59470000,0.61463000,0.54279000,0.56660000,19050526.50000000,1614643200000
2021-03-03 00:00:00,0.56637000,0.61173000,0.55800000,0.57519000,17332974.00000000,1614729600000
2021-03-04 00:00:00,0.57593000,0.59826000,0.53701000,0.54319000,16372008.40000000,1614816000000
2021-03-05 00:00:00,0.54416000,0.59000000,0.51171000,0.57130000,24669701.80000000,1614902400000
2021-03-06 00:00:00,0.57156000,0.59777000,0.54601000,0.58503000,11878052.10000000,1614988800000
2021-03-07 00:00:00,0.58521000,0.59214000,0.55691000,0.57096000,10837084.60000000,1615075200000
2021-03-08 00:00:00,0.57143000,0.60009000,0.54700000,0.59174000,14345787.80000000,1615161600000
2021-03-09 00:00:00,0.59190000,0.62879000,0.57901000,0.61976000,26616390.90000000,1615248000000
2021-03-10 00:00:00,0.61949000,0.62699000,0.56051000,0.57147000,21942831.00000000,1615334400000
2021-03-11 00:00:00,0.57197000,0.58146000,0.53819000,0.55880000,22854871.70000000,1615420800000
2021-03-12 00:00:00,0.55925000,0.56820000,0.51327000,0.52668000,22099370.20000000,1615507200000
2021-03-13 00:00:00,0.52717000,0.60370000,0.50748000,0.57074000,23753354.20000000,1615593600000
2021-03-14 00:00:00,0.57074000,0.57791000,0.53936000,0.54235000,16372366.60000000,1615680000000
2021-03-15 00:00:00,0.54096000,0.61230000,0.51050000,0.56205000,36789462.80000000,1615766400000
2021-03-16 00:00:00,0.56225000,0.57765000,0.51619000,0.54468000,23596917.40000000,1615852800000
2021-03-17 00:00:00,0.54461000,0.65498000,0.54000000,0.62673000,40930219.50000000,1615939200000
2021-03-18 00:00:00,0.62680000,0.63300000,0.58830000,0.59239000,17898213.00000000,1616025600000
2021-03-19 00:00:00,0.59257000,0.61000000,0.55859000,0.58456000,14903137.70000000,1616112000000
2021-03-20 00:00:00,0.58497000,0.61289000,0.57714000,0.57811000,13654735.20000000,1616198400000
2021-03-21 00:00:00,0.57799000,0.58307000,0.53527000,0.55565000,21637609.00000000,1616284800000
2021-03-22 00:00:00,0.55532000,0.56807000,0.51330000,0.51975000,19678271.20000000,1616371200000
2021-03-23 00:00:00,0.52000000,0.54327000,0.49467000,0.51960000,19196352.40000000,1616457600000
2021-03-24 00:00:00,0.51951000,0.53596000,0.45865000,0.46841000,27179791.50000000,1616544000000
2021-03-25 00:00:00,0.46837000,0.47614000,0.43570000,0.44896000,21811099.60000000,1616630400000
2021-03-26 00:00:00,0.44863000,0.51227000,0.44863000,0.50191000,20582997.20000000,1616716800000
2021-03-27 00:00:00,0.50191000,0.51179000,0.48052000,0.48596000,19996920.70000000,1616803200000
2021-03-28 00:00:00,0.48618000,0.50586000,0.47322000,0.49085000,22139146.80000000,1616889600000
2021-03-29 00:00:00,0.49090000,0.55273000,0.48289000,0.53815000,36271277.60000000,1616976000000
2021-03-30 00:00:00,0.53864000,0.56100000,0.53046000,0.54866000,21458950.00000000,1617062400000
2021-03-31 00:00:00,0.54882000,0.56000000,0.50371000,0.54848000,21896664.40000000,1617148800000
2021-04-01 00:00:00,0.54892000,0.57500000,0.52532000,0.53671000,24372576.70000000,1617235200000
2021-04-02 00:00:00,0.53671000,0.57999000,0.52709000,0.56978000,28347492.10000000,1617321600000
2021-04-03 00:00:00,0.57011000,0.59856000,0.51229000,0.52686000,32970369.30000000,1617408000000
2021-04-04 00:00:00,0.52686000,0.57900000,0.51701000,0.57170000,22292494.40000000,1617494400000
2021-04-05 00:00:00,0.57165000,0.61324000,0.54027000,0.58793000,40136145.00000000,1617580800000
2021-04-06 00:00:00,0.58803000,0.61060000,0.55024000,0.57167000,34563074.30000000,1617667200000
2021-04-07 00:00:00,0.57192000,0.58417000,0.49006000,0.52130000,34075127.40000000,1617753600000
2021-04-08 00:00:00,0.52097000,0.57731000,0.51670000,0.56787000,35957569.00000000,1617840000000
2021-04-09 00:00:00,0.56771000,0.57315000,0.54663000,0.55564000,19444645.70000000,1617926400000
2021-04-10 00:00:00,0.55582000,0.57929000,0.54221000,0.55348000,22072477.80000000,1618012800000
2021-04-11 00:00:00,0.55400000,0.58000000,0.54256000,0.57184000,19488307.30000000,1618099200000
2021-04-12 00:00:00,0.57213000,0.62230000,0.56108000,0.62229000,36637796.40000000,1618185600000
2021-04-13 00:00:00,0.62230000,0.63638000,0.58245000,0.59901000,28504694.20000000,1618272000000
2021-04-14 00:00:00,0.59943000,0.67933000,0.59023000,0.65095000,57898592.30000000,1618358400000
2021-04-15 00:00:00,0.65152000,0.69774000,0.64885000,0.67301000,35006793.60000000,1618444800000
2021-04-16 00:00:00,0.67337000,0.67834000,0.60777000,0.64062000,31740658.90000000,1618531200000
2021-04-17 00:00:00,0.64035000,0.78299000,0.63402000,0.75015000,103222771.90000000,1618617600000
2021-04-18 00:00:00,0.74882000,0.77380000,0.52732000,0.63077000,90981241.30000000,1618704000000
2021-04-19 00:00:00,0.63015000,0.64098000,0.53388000,0.56200000,43874568.30000000,1618790400000
2021-04-20 00:00:00,0.56201000,0.57899000,0.50734000,0.57041000,27347768.60000000,1618876800000
2021-04-21 00:00:00,0.57040000,0.60230000,0.54435000,0.54758000,28186229.20000000,1618963200000
2021-04-22 00:00:00,0.54757000,0.57553000,0.48163000,0.50282000,28051726.50000000,1619049600000
2021-04-23 00:00:00,0.50259000,0.50899000,0.40167000,0.47999000,32026236.00000000,1619136000000
2021-04-24 00:00:00,0.48061000,0.48283000,0.43210000,0.43644000,16523321.60000000,1619222400000
2021-04-25 00:00:00,0.43657000,0.46818000,0.41327000,0.43864000,11531763.70000000,1619308800000
2021-04-26 00:00:00,0.43878000,0.49990000,0.43605000,0.49547000,19721231.90000000,1619395200000
2021-04-27 00:00:00,0.49531000,0.54431000,0.48707000,0.54176000,19951661.30000000,1619481600000
2021-04-28 00:00:00,0.54175000,0.56000000,0.49733000,0.52315000,19987200.40000000,1619568000000
2021-04-29 00:00:00,0.52259000,0.56140000,0.50119000,0.53098000,22539027.20000000,1619654400000
2021-04-30 00:00:00,0.53098000,0.57085000,0.51734000,0.56087000,19421966.40000000,1619740800000
2021-05-01 00:00:00,0.56139000,0.58451000,0.54761000,0.58062000,17180500.80000000,1619827200000
2021-05-02 00:00:00,0.58143000,0.59453000,0.56000000,0.57689000,29692981.00000000,1619913600000
2021-05-03 00:00:00,0.57637000,0.60873000,0.56594000,0.58083000,25255390.20000000,1620000000000
2021-05-04 00:00:00,0.58110000,0.58177000,0.49747000,0.51004000,31451792.40000000,1620086400000
2021-05-05 00:00:00,0.51004000,0.58533000,0.50357000,0.57383000,35511117.60000000,1620172800000
2021-05-06 00:00:00,0.57383000,0.59500000,0.54500000,0.57847000,37007815.30000000,1620259200000
2021-05-07 00:00:00,0.57847000,0.63477000,0.56406000,0.58164000,46298698.80000000,1620345600000
2021-05-08 00:00:00,0.58116000,0.60088000,0.55719000,0.57746000,19166628.80000000,1620432000000
2021-05-09 00:00:00,0.57735000,0.58997000,0.53518000,0.57112000,17490215.60000000,1620518400000
2021-05-10 00:00:00,0.57149000,0.58870000,0.48580000,0.51078000,23877069.50000000,1620604800000
2021-05-11 00:00:00,0.51000000,0.69500000,0.48988000,0.65896000,120451869.80000000,1620691200000
2021-05-12 00:00:00,0.65856000,0.91000000,0.59710000,0.61386000,417152624.80000000,1620777600000
2021-05-13 00:00:00,0.61386000,0.66678000,0.57139000,0.61125000,103028052.30000000,1620864000000
2021-05-14 00:00:00,0.61144000,0.66283000,0.58583000,0.61200000,62645003.90000000,1620950400000
2021-05-15 00:00:00,0.61284000,0.65451000,0.55572000,0.55621000,46644314.80000000,1621036800000
2021-05-16 00:00:00,0.55794000,0.62044000,0.52573000,0.56655000,40025786.80000000,1621123200000
2021-05-17 00:00:00,0.56741000,0.56829000,0.48596000,0.50950000,39055781.80000000,1621209600000
2021-05-18 00:00:00,0.51060000,0.57590000,0.50401000,0.52762000,33737510.60000000,1621296000000
2021-05-19 00:00:00,0.52784000,0.53781000,0.26840000,0.34100000,91695453.80000000,1621382400000
2021-05-20 00:00:00,0.34139000,0.42999000,0.30152000,0.40563000,42338001.80000000,1621468800000
2021-05-21 00:00:00,0.40563000,0.43479000,0.29912000,0.34775000,35614817.70000000,1621555200000
2021-05-22 00:00:00,0.34840000,0.35675000,0.30240000,0.31438000,23989455.90000000,1621641600000
2021-05-23 00:00:00,0.31418000,0.32941000,0.22200000,0.27270000,40126320.80000000,1621728000000
2021-05-24 00:00:00,0.27289000,0.34360000,0.26430000,0.33794000,52607128.70000000,1621814400000
2021-05-25 00:00:00,0.33809000,0.40999000,0.28983000,0.39204000,48899649.30000000,1621900800000
2021-05-26 00:00:00,0.39164000,0.47909000,0.38609000,0.42295000,56363038.30000000,1621987200000
2021-05-27 00:00:00,0.42239000,0.44782000,0.38027000,0.40535000,24218002.80000000,1622073600000
2021-05-28 00:00:00,0.40620000,0.48870000,0.33317000,0.35090000,81210422.50000000,1622160000000
2021-05-29 00:00:00,0.35100000,0.38429000,0.30212000,0.32147000,24561884.60000000,1622246400000
2021-05-30 00:00:00,0.32108000,0.35793000,0.29946000,0.33531000,20251935.20000000,1622332800000
2021-05-31 00:00:00,0.33531000,0.39187000,0.31620000,0.36864000,22088517.70000000,1622419200000
2021-06-01 00:00:00,0.36866000,0.40804000,0.35728000,0.37506000,24027009.70000000,1622505600000
2021-06-02 00:00:00,0.37508000,0.40050000,0.36077000,0.38165000,19991206.30000000,1622592000000
2021-06-03 00:00:00,0.38102000,0.40871000,0.37546000,0.39218000,15224473.50000000,1622678400000
2021-06-04 00:00:00,0.39231000,0.39275000,0.34388000,0.36125000,14433260.00000000,1622764800000
2021-06-05 00:00:00,0.36116000,0.37494000,0.33970000,0.34594000,12296511.30000000,1622851200000
2021-06-06 00:00:00,0.34573000,0.36258000,0.34307000,0.35538000,7919128.30000000,1622937600000
2021-06-07 00:00:00,0.35525000,0.36954000,0.32554000,0.32743000,14996091.30000000,1623024000000
2021-06-08 00:00:00,0.32733000,0.33399000,0.28428000,0.31935000,24207742.50000000,1623110400000
2021-06-09 00:00:00,0.31954000,0.33684000,0.30734000,0.33189000,17041907.20000000,1623196800000
2021-06-10 00:00:00,0.33269000,0.34276000,0.30700000,0.31203000,11279700.10000000,1623283200000
2021-06-11 00:00:00,0.31216000,0.31722000,0.28668000,0.29226000,8378651.60000000,1623369600000
2021-06-12 00:00:00,0.29199000,0.30963000,0.27920000,0.29019000,13782427.30000000,1623456000000
2021-06-13 00:00:00,0.29023000,0.31519000,0.28360000,0.30546000,11320660.40000000,1623542400000
2021-06-14 00:00:00,0.30635000,0.32049000,0.29889000,0.31329000,13274391.70000000,1623628800000
2021-06-15 00:00:00,0.31329000,0.32098000,0.30220000,0.30647000,13120115.30000000,1623715200000
2021-06-16 00:00:00,0.30645000,0.31183000,0.28500000,0.28946000,18185857.00000000,1623801600000
2021-06-17 00:00:00,0.28927000,0.29959000,0.28350000,0.29306000,11379808.40000000,1623888000000
2021-06-18 00:00:00,0.29295000,0.29721000,0.26031000,0.27035000,13469759.00000000,1623974400000
2021-06-19 00:00:00,0.27073000,0.27499000,0.25925000,0.26836000,8435113.20000000,1624060800000
2021-06-20 00:00:00,0.26812000,0.27229000,0.24528000,0.27051000,12997085.60000000,1624147200000
2021-06-21 00:00:00,0.27089000,0.27231000,0.21257000,0.21299000,19651139.00000000,1624233600000
2021-06-22 00:00:00,0.21302000,0.22224000,0.17420000,0.20030000,28762085.30000000,1624320000000
2021-06-23 00:00:00,0.19974000,0.22309000,0.19370000,0.21712000,17572680.50000000,1624406400000
2021-06-24 00:00:00,0.21727000,0.22726000,0.20413000,0.22337000,15719679.10000000,1624492800000
2021-06-25 00:00:00,0.22352000,0.23302000,0.20482000,0.20565000,21073982.70000000,1624579200000
2021-06-26 00:00:00,0.20605000,0.21244000,0.19719000,0.21079000,18640407.60000000,1624665600000
2021-06-27 00:00:00,0.21072000,0.32751000,0.20862000,0.27809000,216941366.10000000,1624752000000
2021-06-28 00:00:00,0.27769000,0.30200000,0.26560000,0.27938000,121665262.20000000,1624838400000
2021-06-29 00:00:00,0.27931000,0.29716000,0.27629000,0.27859000,42955574.10000000,1624924800000
2021-06-30 00:00:00,0.27841000,0.28315000,0.25600000,0.26794000,23870839.40000000,1625011200000
2021-07-01 00:00:00,0.26794000,0.26991000,0.24543000,0.24997000,14816368.10000000,1625097600000
2021-07-02 00:00:00,0.24946000,0.25233000,0.23909000,0.24948000,12008425.00000000,1625184000000
2021-07-03 00:00:00,0.24966000,0.26900000,0.24478000,0.25944000,16697774.00000000,1625270400000
2021-07-04 00:00:00,0.25921000,0.26751000,0.25081000,0.25803000,12868334.40000000,1625356800000
2021-07-05 00:00:00,0.25758000,0.25867000,0.24300000,0.24742000,9395624.20000000,1625443200000
2021-07-06 00:00:00,0.24758000,0.26158000,0.24719000,0.25900000,17168428.80000000,1625529600000
2021-07-07 00:00:00,0.25874000,0.27233000,0.25543000,0.25689000,21124420.00000000,1625616000000
2021-07-08 00:00:00,0.25732000,0.25853000,0.23216000,0.23638000,16051288.50000000,1625702400000
2021-07-09 00:00:00,0.23631000,0.24037000,0.22578000,0.23822000,14731086.10000000,1625788800000
2021-07-10 00:00:00,0.23822000,0.24161000,0.22840000,0.23517000,10353585.20000000,1625875200000
2021-07-11 00:00:00,0.23502000,0.23970000,0.23052000,0.23570000,9777724.00000000,1625961600000
2021-07-12 00:00:00,0.23580000,0.24143000,0.22750000,0.23208000,8694036.00000000,1626048000000
2021-07-13 00:00:00,0.23148000,0.23344000,0.21934000,0.22321000,7935022.80000000,1626134400000
2021-07-14 00:00:00,0.22332000,0.24729000,0.21175000,0.23260000,23880371.80000000,1626220800000
2021-07-15 00:00:00,0.23251000,0.24641000,0.22038000,0.22316000,26801605.80000000,1626307200000
2021-07-16 00:00:00,0.22322000,0.22599000,0.20706000,0.20758000,15260415.10000000,1626393600000
2021-07-17 00:00:00,0.20743000,0.21452000,0.20615000,0.20747000,13426648.40000000,1626480000000
2021-07-18 00:00:00,0.20760000,0.22201000,0.20729000,0.21145000,14746173.40000000,1626566400000
2021-07-19 00:00:00,0.21153000,0.21246000,0.19867000,0.20052000,9351779.40000000,1626652800000
2021-07-20 00:00:00,0.20053000,0.20319000,0.18336000,0.18801000,13861126.00000000,1626739200000
2021-07-21 00:00:00,0.18808000,0.20589000,0.18337000,0.20265000,18807319.20000000,1626825600000
2021-07-22 00:00:00,0.20282000,0.21578000,0.20101000,0.21065000,13617893.70000000,1626912000000
2021-07-23 00:00:00,0.21047000,0.21422000,0.20335000,0.21132000,9310847.10000000,1626998400000
2021-07-24 00:00:00,0.21134000,0.21990000,0.20977000,0.21544000,9741224.60000000,1627084800000
2021-07-25 00:00:00,0.21530000,0.22815000,0.21164000,0.22470000,15002119.70000000,1627171200000
2021-07-26 00:00:00,0.22463000,0.25600000,0.22386000,0.22941000,37015781.40000000,1627257600000
2021-07-27 00:00:00,0.22902000,0.23699000,0.22061000,0.22912000,17140357.20000000,1627344000000
2021-07-28 00:00:00,0.22912000,0.23971000,0.22290000,0.23339000,17656692.30000000,1627430400000
2021-07-29 00:00:00,0.23334000,0.24249000,0.22713000,0.23980000,11631400.10000000,1627516800000
2021-07-30 00:00:00,0.23993000,0.25000000,0.23206000,0.24729000,15173524.00000000,1627603200000
2021-07-31 00:00:00,0.24733000,0.26500000,0.24406000,0.25173000,17502760.60000000,1627689600000
2021-08-01 00:00:00,0.25171000,0.26990000,0.24828000,0.24988000,23023119.80000000,1627776000000
2021-08-02 00:00:00,0.25003000,0.25959000,0.24266000,0.25257000,14738340.80000000,1627862400000
2021-08-03 00:00:00,0.25259000,0.25600000,0.23845000,0.24108000,11272815.70000000,1627948800000
2021-08-04 00:00:00,0.24130000,0.25920000,0.23796000,0.25202000,14288451.30000000,1628035200000
2021-08-05 00:00:00,0.25251000,0.26200000,0.24514000,0.25653000,20410476.50000000,1628121600000
2021-08-06 00:00:00,0.25673000,0.26997000,0.24810000,0.26507000,23653689.90000000,1628208000000
2021-08-07 00:00:00,0.26534000,0.28822000,0.26184000,0.28126000,38071279.20000000,1628294400000
2021-08-08 00:00:00,0.28131000,0.28666000,0.25918000,0.26061000,24025279.20000000,1628380800000
2021-08-09 00:00:00,0.26079000,0.29670000,0.25321000,0.28608000,41593846.20000000,1628467200000
2021-08-10 00:00:00,0.28637000,0.29678000,0.28000000,0.29200000,31674804.30000000,1628553600000
2021-08-11 00:00:00,0.29168000,0.30948000,0.28778000,0.29612000,26561236.30000000,1628640000000
2021-08-12 00:00:00,0.29612000,0.30464000,0.27585000,0.28548000,27136380.80000000,1628726400000
2021-08-13 00:00:00,0.28543000,0.34285000,0.28283000,0.33750000,61643320.60000000,1628812800000
2021-08-14 00:00:00,0.33750000,0.34098000,0.31332000,0.32734000,25964152.20000000,1628899200000
2021-08-15 00:00:00,0.32738000,0.32958000,0.31094000,0.32585000,22120523.40000000,1628985600000
2021-08-16 00:00:00,0.32598000,0.37023000,0.32284000,0.34428000,63107586.70000000,1629072000000
2021-08-17 00:00:00,0.34447000,0.34897000,0.30716000,0.31449000,34638648.60000000,1629158400000
2021-08-18 00:00:00,0.31409000,0.33548000,0.29574000,0.31451000,36230670.20000000,1629244800000
2021-08-19 00:00:00,0.31451000,0.32899000,0.30544000,0.32822000,27553651.60000000,1629331200000
2021-08-20 00:00:00,0.32828000,0.35890000,0.32512000,0.35282000,40003499.20000000,1629417600000
2021-08-21 00:00:00,0.35327000,0.36612000,0.34181000,0.35098000,41083564.30000000,1629504000000
2021-08-22 00:00:00,0.35102000,0.61000000,0.35029000,0.54985000,511000120.10000000,1629590400000
2021-08-23 00:00:00,0.55001000,0.57513000,0.48211000,0.50689000,243747981.80000000,1629676800000
2021-08-24 00:00:00,0.50644000,0.54666000,0.44020000,0.45830000,181441223.30000000,1629763200000
2021-08-25 00:00:00,0.45855000,0.50011000,0.43862000,0.46482000,93745218.90000000,1629849600000
2021-08-26 00:00:00,0.46428000,0.52020000,0.44590000,0.49430000,125633818.90000000,1629936000000
2021-08-27 00:00:00,0.49420000,0.54050000,0.45000000,0.49650000,100702709.80000000,1630022400000
2021-08-28 00:00:00,0.49650000,0.57120000,0.48590000,0.55320000,78956481.90000000,1630108800000
2021-08-29 00:00:00,0.55280000,0.75450000,0.51770000,0.55420000,410115515.30000000,1630195200000
2021-08-30 00:00:00,0.55390000,0.59890000,0.52770000,0.53570000,172551070.00000000,1630281600000
2021-08-31 00:00:00,0.53540000,0.56670000,0.51510000,0.55590000,82740128.00000000,1630368000000
2021-09-01 00:00:00,0.55600000,0.56690000,0.52020000,0.53550000,58981872.00000000,1630454400000
2021-09-02 00:00:00,0.53560000,0.55000000,0.52570000,0.52880000,39252736.00000000,1630540800000
2021-09-03 00:00:00,0.52880000,0.53130000,0.49340000,0.51380000,38983342.00000000,1630627200000
2021-09-04 00:00:00,0.51390000,0.52340000,0.50250000,0.50860000,33185280.00000000,1630713600000
2021-09-05 00:00:00,0.50870000,0.53520000,0.50240000,0.52340000,40899591.00000000,1630800000000
2021-09-06 00:00:00,0.52360000,0.53330000,0.46500000,0.50500000,37380601.00000000,1630886400000
2021-09-07 00:00:00,0.50500000,0.50750000,0.38030000,0.40480000,77684283.80000000,1630972800000
2021-09-08 00:00:00,0.40570000,0.49000000,0.39290000,0.43600000,69049438.00000000,1631059200000
2021-09-09 00:00:00,0.43670000,0.48000000,0.43000000,0.44820000,24940960.00000000,1631145600000
2021-09-10 00:00:00,0.44900000,0.47140000,0.40370000,0.41580000,22127559.00000000,1631232000000
2021-09-11 00:00:00,0.41590000,0.47000000,0.41230000,0.43910000,19737017.00000000,1631318400000
2021-09-12 00:00:00,0.43880000,0.52900000,0.42090000,0.48390000,91495020.00000000,1631404800000
2021-09-13 00:00:00,0.48300000,0.49000000,0.41110000,0.43380000,32500039.00000000,1631491200000
2021-09-14 00:00:00,0.43420000,0.48600000,0.42570000,0.46890000,26205185.00000000,1631577600000
2021-09-15 00:00:00,0.46870000,0.50960000,0.45960000,0.49900000,36228687.00000000,1631664000000
2021-09-16 00:00:00,0.49870000,0.51400000,0.45740000,0.47200000,30582850.00000000,1631750400000
2021-09-17 00:00:00,0.47210000,0.47570000,0.44720000,0.46320000,23936637.00000000,1631836800000
2021-09-18 00:00:00,0.46430000,0.46800000,0.44870000,0.46000000,15588766.00000000,1631923200000
2021-09-19 00:00:00,0.45940000,0.47160000,0.44540000,0.44990000,24084867.00000000,1632009600000
2021-09-20 00:00:00,0.45050000,0.45210000,0.38830000,0.40170000,38906520.00000000,1632096000000
2021-09-21 00:00:00,0.40130000,0.41530000,0.36730000,0.37670000,29822629.60000000,1632182400000
2021-09-22 00:00:00,0.37700000,0.41120000,0.36900000,0.41040000,21425599.00000000,1632268800000
2021-09-23 00:00:00,0.41040000,0.41600000,0.39640000,0.41090000,15116871.00000000,1632355200000
2021-09-24 00:00:00,0.41060000,0.41210000,0.36780000,0.38000000,29765286.00000000,1632441600000
2021-09-25 00:00:00,0.37990000,0.39240000,0.36960000,0.38470000,16257410.00000000,1632528000000
2021-09-26 00:00:00,0.38470000,0.38630000,0.35270000,0.36940000,30677932.30000000,1632614400000
2021-09-27 00:00:00,0.36920000,0.38370000,0.36490000,0.36570000,19875969.00000000,1632700800000
2021-09-28 00:00:00,0.36560000,0.37310000,0.34810000,0.35140000,16274967.90000000,1632787200000
2021-09-29 00:00:00,0.35130000,0.36710000,0.35000000,0.35480000,11644480.00000000,1632873600000
2021-09-30 00:00:00,0.35490000,0.37220000,0.35370000,0.36550000,10679563.00000000,1632960000000
2021-10-01 00:00:00,0.36560000,0.39070000,0.36380000,0.38820000,23549950.00000000,1633046400000
2021-10-02 00:00:00,0.38850000,0.41100000,0.38410000,0.39720000,22363816.00000000,1633132800000
2021-10-03 00:00:00,0.39710000,0.42990000,0.38850000,0.41150000,40816254.00000000,1633219200000
2021-10-04 00:00:00,0.41170000,0.41170000,0.38260000,0.39950000,24196164.00000000,1633305600000
2021-10-05 00:00:00,0.39970000,0.41500000,0.39580000,0.40910000,19967505.00000000,1633392000000
2021-10-06 00:00:00,0.40890000,0.41280000,0.38030000,0.39260000,22592805.00000000,1633478400000
2021-10-07 00:00:00,0.39290000,0.40100000,0.38340000,0.39480000,15750568.00000000,1633564800000
2021-10-08 00:00:00,0.39550000,0.41910000,0.38840000,0.40170000,33938921.00000000,1633651200000
2021-10-09 00:00:00,0.40190000,0.43000000,0.39560000,0.41040000,19236682.00000000,1633737600000
2021-10-10 00:00:00,0.41060000,0.41760000,0.38030000,0.38320000,12975100.00000000,1633824000000
2021-10-11 00:00:00,0.38300000,0.38940000,0.36000000,0.36940000,21517869.00000000,1633910400000
2021-10-12 00:00:00,0.36910000,0.37690000,0.34830000,0.37270000,14124392.00000000,1633996800000
2021-10-13 00:00:00,0.37240000,0.38250000,0.36370000,0.38180000,9877063.00000000,1634083200000
2021-10-14 00:00:00,0.38220000,0.39550000,0.37540000,0.37940000,8709209.00000000,1634169600000
2021-10-15 00:00:00,0.37960000,0.50000000,0.37000000,0.41450000,113554140.00000000,1634256000000
2021-10-16 00:00:00,0.41400000,0.45840000,0.41090000,0.42070000,49588945.00000000,1634342400000
2021-10-17 00:00:00,0.42090000,0.51700000,0.41320000,0.45120000,90861948.00000000,1634428800000
2021-10-18 00:00:00,0.45120000,0.46180000,0.41830000,0.43140000,27869023.00000000,1634515200000
2021-10-19 00:00:00,0.43120000,0.43780000,0.42010000,0.42860000,11766940.00000000,1634601600000
2021-10-20 00:00:00,0.42970000,0.44210000,0.42260000,0.43600000,11306971.00000000,1634688000000
2021-10-21 00:00:00,0.43630000,0.44390000,0.41070000,0.41410000,15912905.00000000,1634774400000
2021-10-22 00:00:00,0.41460000,0.42900000,0.40560000,0.42620000,13510943.00000000,1634860800000
2021-10-23 00:00:00,0.42620000,0.43800000,0.42000000,0.43320000,13731402.00000000,1634947200000
2021-10-24 00:00:00,0.43320000,0.43610000,0.40600000,0.41510000,10202584.00000000,1635033600000
2021-10-25 00:00:00,0.41550000,0.42930000,0.41310000,0.42760000,6896291.00000000,1635120000000
2021-10-26 00:00:00,0.42790000,0.44100000,0.42300000,0.42960000,16324362.00000000,1635206400000
2021-10-27 00:00:00,0.42970000,0.44660000,0.36350000,0.37280000,28174334.00000000,1635292800000
2021-10-28 00:00:00,0.37360000,0.59170000,0.37000000,0.54090000,197782918.00000000,1635379200000
2021-10-29 00:00:00,0.54080000,0.57740000,0.50030000,0.54930000,92502568.00000000,1635465600000
2021-10-30 00:00:00,0.55000000,0.64620000,0.53540000,0.54960000,87981752.00000000,1635552000000
2021-10-31 00:00:00,0.54940000,0.63720000,0.54090000,0.63210000,44116305.00000000,1635638400000
2021-11-01 00:00:00,0.63310000,1.14990000,0.61350000,1.01890000,859963803.70000000,1635724800000
2021-11-02 00:00:00,1.01970000,1.71000000,0.92750000,1.43410000,887405732.20000000,1635811200000
2021-11-03 00:00:00,1.43410000,1.58000000,1.15730000,1.18440000,356326709.00000000,1635897600000
2021-11-04 00:00:00,1.18440000,1.36830000,1.06000000,1.11500000,160482624.00000000,1635984000000
2021-11-05 00:00:00,1.11490000,1.48500000,1.08220000,1.18300000,228152107.00000000,1636070400000
2021-11-06 00:00:00,1.18290000,1.35600000,1.16610000,1.28410000,137738723.00000000,1636156800000
2021-11-07 00:00:00,1.28360000,1.51680000,1.24320000,1.48050000,115050056.00000000,1636243200000
2021-11-08 00:00:00,1.48020000,2.50820000,1.40790000,2.04580000,490221917.10000000,1636329600000
2021-11-09 00:00:00,2.04480000,3.04000000,2.00680000,2.92410000,624066752.60000000,1636416000000
2021-11-10 00:00:00,2.92310000,3.85000000,2.66000000,3.03470000,609401595.40000000,1636502400000
2021-11-11 00:00:00,3.03180000,3.73860000,2.97010000,3.21370000,282335423.00000000,1636588800000
2021-11-12 00:00:00,3.21240000,3.53550000,2.84700000,3.03620000,156757714.00000000,1636675200000
2021-11-13 00:00:00,3.03760000,3.08830000,2.61740000,2.67810000,83795697.00000000,1636761600000
2021-11-14 00:00:00,2.67820000,3.36000000,2.65010000,3.05750000,174746828.00000000,1636848000000
2021-11-15 00:00:00,3.05810000,3.11740000,2.85000000,2.90980000,63013313.00000000,1636934400000
2021-11-16 00:00:00,2.90980000,2.91200000,2.35860000,2.63220000,86756251.00000000,1637020800000
2021-11-17 00:00:00,2.63060000,2.88300000,2.47950000,2.52510000,79753519.00000000,1637107200000
2021-11-18 00:00:00,2.52640000,2.59320000,2.16380000,2.21290000,79226411.00000000,1637193600000
2021-11-19 00:00:00,2.21680000,2.89430000,2.17360000,2.65770000,135970564.00000000,1637280000000
2021-11-20 00:00:00,2.65910000,2.74900000,2.49980000,2.58160000,54934511.00000000,1637366400000
2021-11-21 00:00:00,2.58160000,2.63390000,2.35210000,2.37570000,36837216.00000000,1637452800000
2021-11-22 00:00:00,2.37780000,2.85500000,2.31590000,2.64610000,95787473.00000000,1637539200000
2021-11-23 00:00:00,2.64740000,3.48000000,2.53170000,3.33480000,288060667.00000000,1637625600000
2021-11-24 00:00:00,3.33700000,3.49500000,2.90000000,3.41290000,150667836.00000000,1637712000000
2021-11-25 00:00:00,3.41260000,3.77770000,3.11630000,3.20020000,143717118.00000000,1637798400000
2021-11-26 00:00:00,3.20220000,3.63850000,2.64220000,2.81750000,132463845.00000000,1637884800000
2021-11-27 00:00:00,2.81830000,3.11650000,2.77370000,2.89160000,49254842.00000000,1637971200000
2021-11-28 00:00:00,2.89420000,2.97790000,2.65290000,2.92770000,36118313.00000000,1638057600000
2021-11-29 00:00:00,2.93100000,3.17160000,2.85290000,2.86260000,42550314.00000000,1638144000000
2021-11-30 00:00:00,2.86460000,2.96000000,2.71110000,2.76820000,35032694.00000000,1638230400000
2021-12-01 00:00:00,2.77250000,2.98570000,2.70190000,2.77900000,35508835.00000000,1638316800000
2021-12-02 00:00:00,2.77800000,2.77970000,2.56300000,2.63110000,23351840.00000000,1638403200000
2021-12-03 00:00:00,2.63080000,2.64590000,2.24370000,2.38040000,31488767.00000000,1638489600000
2021-12-04 00:00:00,2.38000000,2.38630000,1.60000000,2.26700000,69013113.00000000,1638576000000
2021-12-05 00:00:00,2.26790000,2.34680000,1.96490000,2.03570000,31405573.00000000,1638662400000
2021-12-06 00:00:00,2.03570000,2.54010000,1.79730000,2.45390000,61612970.00000000,1638748800000
2021-12-07 00:00:00,2.45540000,2.65500000,2.36660000,2.46060000,63732402.00000000,1638835200000
2021-12-08 00:00:00,2.46260000,2.96160000,2.26900000,2.57220000,73456563.00000000,1638921600000
2021-12-09 00:00:00,2.57300000,2.73630000,2.35310000,2.49230000,69354079.00000000,1639008000000
2021-12-10 00:00:00,2.49240000,2.60500000,2.29250000,2.30050000,43766637.00000000,1639094400000
2021-12-11 00:00:00,2.30100000,2.46240000,2.26080000,2.42410000,15681672.00000000,1639180800000
2021-12-12 00:00:00,2.42290000,2.49200000,2.32390000,2.45410000,13650662.00000000,1639267200000
2021-12-13 00:00:00,2.45330000,2.47220000,2.05880000,2.09760000,27203449.00000000,1639353600000
2021-12-14 00:00:00,2.09710000,2.28390000,2.03640000,2.18550000,24985163.00000000,1639440000000
2021-12-15 00:00:00,2.18510000,2.28150000,2.00440000,2.24410000,23494372.00000000,1639526400000
2021-12-16 00:00:00,2.24410000,2.36300000,2.09520000,2.10590000,22208822.00000000,1639612800000
2021-12-17 00:00:00,2.10630000,2.15800000,1.99180000,2.05300000,15278897.00000000,1639699200000
2021-12-18 00:00:00,2.05340000,2.12190000,1.98800000,2.07230000,12504562.00000000,1639785600000
2021-12-19 00:00:00,2.07220000,2.12240000,2.01950000,2.04320000,8284384.00000000,1639872000000
2021-12-20 00:00:00,2.04410000,2.07890000,1.87670000,2.01440000,16820523.00000000,1639958400000
2021-12-21 00:00:00,2.01460000,2.45000000,1.98640000,2.39990000,38708015.00000000,1640044800000
2021-12-22 00:00:00,2.40000000,2.41150000,2.18880000,2.20290000,36541595.00000000,1640131200000
2021-12-23 00:00:00,2.20310000,2.36210000,2.15370000,2.31840000,25489289.00000000,1640217600000
2021-12-24 00:00:00,2.31860000,2.37710000,2.17320000,2.21570000,21199269.00000000,1640304000000
2021-12-25 00:00:00,2.21490000,2.32400000,2.19850000,2.27300000,13456549.00000000,1640390400000
2021-12-26 00:00:00,2.27240000,2.45790000,2.20110000,2.35080000,27269971.00000000,1640476800000
2021-12-27 00:00:00,2.35090000,2.44500000,2.24630000,2.26150000,26145243.00000000,1640563200000
2021-12-28 00:00:00,2.26140000,2.26140000,2.04270000,2.05860000,28604353.00000000,1640649600000
2021-12-29 00:00:00,2.05860000,2.11760000,1.92600000,1.97270000,19963370.00000000,1640736000000
2021-12-30 00:00:00,1.97320000,2.05210000,1.90080000,1.99390000,15659439.00000000,1640822400000
2021-12-31 00:00:00,1.99450000,2.15060000,1.94500000,2.08490000,24127222.00000000,1640908800000
2022-01-01 00:00:00,2.08700000,2.12140000,2.03720000,2.08860000,9139247.00000000,1640995200000
2022-01-02 00:00:00,2.08850000,2.12000000,2.04670000,2.09550000,8649507.00000000,1641081600000
2022-01-03 00:00:00,2.09510000,2.09760000,2.02000000,2.04630000,7864482.00000000,1641168000000
2022-01-04 00:00:00,2.04620000,2.14890000,2.00090000,2.05420000,13746170.00000000,1641254400000
2022-01-05 00:00:00,2.05470000,2.10780000,1.64170000,1.80440000,26150400.00000000,1641340800000
2022-01-06 00:00:00,1.80440000,2.07820000,1.66350000,1.83990000,55259071.00000000,1641427200000
2022-01-07 00:00:00,1.84020000,1.86750000,1.65000000,1.67500000,44944476.00000000,1641513600000
2022-01-08 00:00:00,1.67500000,1.73350000,1.44370000,1.52100000,33976887.00000000,1641600000000
2022-01-09 00:00:00,1.52070000,1.63020000,1.50660000,1.57310000,15214558.00000000,1641686400000
2022-01-10 00:00:00,1.57220000,1.60560000,1.38030000,1.46780000,23204760.00000000,1641772800000
2022-01-11 00:00:00,1.46760000,1.52890000,1.38610000,1.49570000,29346243.00000000,1641859200000
2022-01-12 00:00:00,1.49580000,1.65340000,1.46320000,1.63480000,25534320.00000000,1641945600000
2022-01-13 00:00:00,1.63410000,1.66920000,1.49140000,1.49920000,20647668.00000000,1642032000000
2022-01-14 00:00:00,1.49960000,1.54750000,1.43950000,1.47500000,22716283.00000000,1642118400000
2022-01-15 00:00:00,1.47540000,1.48610000,1.38380000,1.42010000,51320901.00000000,1642204800000
2022-01-16 00:00:00,1.42040000,1.42300000,1.30430000,1.36280000,51864190.00000000,1642291200000
2022-01-17 00:00:00,1.36230000,1.37480000,1.17000000,1.22870000,61576368.00000000,1642377600000
2022-01-18 00:00:00,1.22890000,1.23760000,1.09460000,1.15890000,55384761.00000000,1642464000000
2022-01-19 00:00:00,1.15920000,1.24570000,1.10580000,1.17510000,72785590.00000000,1642550400000
2022-01-20 00:00:00,1.17500000,1.22420000,1.05290000,1.06340000,40766985.00000000,1642636800000
2022-01-21 00:00:00,1.06260000,1.08310000,0.84000000,0.86700000,86673227.00000000,1642723200000
2022-01-22 00:00:00,0.86730000,0.88920000,0.64680000,0.73830000,129371044.00000000,1642809600000
2022-01-23 00:00:00,0.73770000,0.86900000,0.73220000,0.85880000,77736748.00000000,1642896000000
2022-01-24 00:00:00,0.85850000,0.89460000,0.70610000,0.86140000,98640467.00000000,1642982400000
2022-01-25 00:00:00,0.86130000,1.07200000,0.83780000,1.03070000,142720720.00000000,1643068800000
2022-01-26 00:00:00,1.03140000,1.20930000,0.98130000,1.07650000,138542538.00000000,1643155200000
2022-01-27 00:00:00,1.07680000,1.12830000,0.92370000,0.96290000,85471492.00000000,1643241600000
2022-01-28 00:00:00,0.96240000,1.01030000,0.91250000,0.98860000,45201930.00000000,1643328000000
2022-01-29 00:00:00,0.98890000,1.01540000,0.95840000,0.97470000,29085027.00000000,1643414400000
2022-01-30 00:00:00,0.97450000,1.05890000,0.95360000,1.00250000,42520631.00000000,1643500800000
2022-01-31 00:00:00,1.00240000,1.04140000,0.92350000,0.99880000,34724260.00000000,1643587200000
2022-02-01 00:00:00,0.99880000,1.02400000,0.95520000,0.96340000,44075679.00000000,1643673600000
2022-02-02 00:00:00,0.96340000,0.96570000,0.84990000,0.86790000,72889755.00000000,1643760000000
2022-02-03 00:00:00,0.86820000,0.88990000,0.81000000,0.85060000,55529882.00000000,1643846400000
2022-02-04 00:00:00,0.85050000,0.91920000,0.84100000,0.91410000,45475245.00000000,1643932800000
2022-02-05 00:00:00,0.91400000,1.03300000,0.90900000,0.95970000,64676393.00000000,1644019200000
2022-02-06 00:00:00,0.95910000,1.12290000,0.95260000,1.12210000,96223276.00000000,1644105600000
2022-02-07 00:00:00,1.12180000,1.23000000,1.07330000,1.16700000,104034268.00000000,1644192000000
2022-02-08 00:00:00,1.16730000,1.20780000,1.02210000,1.07660000,78548162.00000000,1644278400000
2022-02-09 00:00:00,1.07620000,1.12740000,1.04200000,1.09960000,42063224.00000000,1644364800000
2022-02-10 00:00:00,1.09920000,1.10640000,0.99390000,1.01150000,49136165.00000000,1644451200000
2022-02-11 00:00:00,1.01210000,1.10210000,0.91550000,0.94290000,57021026.00000000,1644537600000
2022-02-12 00:00:00,0.94290000,0.98200000,0.90410000,0.95220000,34467646.00000000,1644624000000
2022-02-13 00:00:00,0.95170000,0.96780000,0.89020000,0.90760000,23377052.00000000,1644710400000
2022-02-14 00:00:00,0.90770000,0.94370000,0.87820000,0.92120000,25835007.00000000,1644796800000
2022-02-15 00:00:00,0.92130000,0.99650000,0.92110000,0.98720000,28585454.00000000,1644883200000
2022-02-16 00:00:00,0.98770000,0.99090000,0.93260000,0.95990000,24645622.00000000,1644969600000
2022-02-17 00:00:00,0.95950000,0.97480000,0.85910000,0.88520000,28214651.00000000,1645056000000
2022-02-18 00:00:00,0.88550000,0.94030000,0.86200000,0.87230000,25993301.00000000,1645142400000
2022-02-19 00:00:00,0.87270000,0.91400000,0.85740000,0.88740000,19827496.00000000,1645228800000
2022-02-20 00:00:00,0.88760000,0.89010000,0.78790000,0.81140000,25490858.00000000,1645315200000
2022-02-21 00:00:00,0.81130000,0.86580000,0.73840000,0.74190000,37270946.00000000,1645401600000
2022-02-22 00:00:00,0.74210000,0.81160000,0.72490000,0.80200000,34204928.00000000,1645488000000
2022-02-23 00:00:00,0.80180000,0.83120000,0.74920000,0.75270000,30200273.00000000,1645574400000
2022-02-24 00:00:00,0.75270000,0.77720000,0.62680000,0.74050000,84221776.00000000,1645660800000
2022-02-25 00:00:00,0.74100000,0.78500000,0.71770000,0.77760000,35050779.00000000,1645747200000
2022-02-26 00:00:00,0.77770000,0.82250000,0.75860000,0.76990000,22832348.00000000,1645833600000
2022-02-27 00:00:00,0.77000000,0.78680000,0.71000000,0.72760000,31185632.00000000,1645920000000
2022-02-28 00:00:00,0.72780000,0.83040000,0.71530000,0.82480000,31196090.00000000,1646006400000
2022-03-01 00:00:00,0.82450000,0.86370000,0.79040000,0.83560000,38686229.00000000,1646092800000
2022-03-02 00:00:00,0.83570000,0.86850000,0.78890000,0.81050000,39255515.00000000,1646179200000
2022-03-03 00:00:00,0.81040000,0.81690000,0.75970000,0.78220000,26856418.00000000,1646265600000
2022-03-04 00:00:00,0.78170000,0.78590000,0.71990000,0.73430000,26726893.00000000,1646352000000
2022-03-05 00:00:00,0.73420000,0.77620000,0.71360000,0.75990000,22640890.00000000,1646438400000
2022-03-06 00:00:00,0.75990000,0.76790000,0.70970000,0.71620000,18233372.00000000,1646524800000
2022-03-07 00:00:00,0.71640000,0.73890000,0.67520000,0.70470000,26337269.00000000,1646611200000
2022-03-08 00:00:00,0.70450000,0.74570000,0.69690000,0.73380000,24805624.00000000,1646697600000
2022-03-09 00:00:00,0.73370000,0.76510000,0.73090000,0.74050000,24073058.00000000,1646784000000
2022-03-10 00:00:00,0.74080000,0.74340000,0.68810000,0.71790000,25441185.00000000,1646870400000
2022-03-11 00:00:00,0.71790000,0.72370000,0.69350000,0.69770000,19257377.00000000,1646956800000
2022-03-12 00:00:00,0.69750000,0.71140000,0.68880000,0.69010000,8344942.00000000,1647043200000
2022-03-13 00:00:00,0.69040000,0.72050000,0.67130000,0.68030000,11996933.00000000,1647129600000
2022-03-14 00:00:00,0.68020000,0.70190000,0.67110000,0.69780000,12125594.00000000,1647216000000
2022-03-15 00:00:00,0.69770000,0.70250000,0.65170000,0.67530000,33257805.00000000,1647302400000
2022-03-16 00:00:00,0.67560000,0.71740000,0.67100000,0.71520000,25698204.00000000,1647388800000
2022-03-17 00:00:00,0.71520000,0.73980000,0.70540000,0.70670000,20737422.00000000,1647475200000
2022-03-18 00:00:00,0.70670000,0.74410000,0.68670000,0.72750000,32046402.00000000,1647561600000
2022-03-19 00:00:00,0.72750000,0.95900000,0.72570000,0.93370000,114275782.00000000,1647648000000
2022-03-20 00:00:00,0.93390000,0.96110000,0.81400000,0.82230000,91429000.00000000,1647734400000
2022-03-21 00:00:00,0.82240000,0.85530000,0.80010000,0.80660000,46133948.00000000,1647820800000
2022-03-22 00:00:00,0.80680000,0.81920000,0.78500000,0.81590000,6670361.00000000,1647907200000
2022-03-23 00:00:00,0.80710000,1.23220000,0.80600000,1.16970000,405447129.00000000,1647993600000
2022-03-24 00:00:00,1.16970000,1.20200000,1.03890000,1.08100000,151827886.00000000,1648080000000
2022-03-25 00:00:00,1.08100000,1.18480000,1.02980000,1.05680000,92777829.00000000,1648166400000
2022-03-26 00:00:00,1.05700000,1.17590000,1.04240000,1.08550000,78301352.00000000,1648252800000
2022-03-27 00:00:00,1.06510000,1.14550000,1.04000000,1.06400000,68510679.00000000,1648339200000
2022-03-28 00:00:00,1.10470000,1.11960000,1.07420000,1.10020000,8175622.00000000,1648425600000
2022-03-29 00:00:00,1.12950000,1.36200000,1.12620000,1.28460000,187522327.00000000,1648512000000
2022-03-30 00:00:00,1.28430000,1.32700000,1.21160000,1.26990000,84454679.00000000,1648598400000
2022-03-31 00:00:00,1.26990000,1.34000000,1.13510000,1.16480000,96378309.00000000,1648684800000
2022-04-01 00:00:00,1.16450000,1.22700000,1.09820000,1.18660000,64248330.00000000,1648771200000
2022-04-02 00:00:00,1.18680000,1.22990000,1.13540000,1.13920000,38042991.00000000,1648857600000
2022-04-03 00:00:00,1.13910000,1.20370000,1.11460000,1.18670000,29080672.00000000,1648944000000
2022-04-04 00:00:00,1.18670000,1.18690000,1.07850000,1.14120000,29830880.00000000,1649030400000
2022-04-05 00:00:00,1.14090000,1.19500000,1.10110000,1.10460000,34518344.00000000,1649116800000
2022-04-06 00:00:00,1.10470000,1.10810000,0.96290000,0.96680000,41795340.00000000,1649203200000
2022-04-07 00:00:00,0.96640000,1.03940000,0.95120000,1.01920000,27726834.00000000,1649289600000
2022-04-08 00:00:00,1.01810000,1.04900000,0.95230000,0.96280000,22511324.00000000,1649376000000
2022-04-09 00:00:00,0.96210000,1.02640000,0.96000000,0.99290000,11387301.00000000,1649462400000
2022-04-10 00:00:00,1.00770000,1.01430000,0.95530000,0.96030000,14093354.00000000,1649548800000
2022-04-11 00:00:00,0.96010000,0.96400000,0.83550000,0.85210000,30585919.00000000,1649635200000
2022-04-12 00:00:00,0.85200000,0.92260000,0.83820000,0.91210000,25684412.00000000,1649721600000
2022-04-13 00:00:00,0.91240000,0.92750000,0.88850000,0.92030000,16527216.00000000,1649808000000
2022-04-14 00:00:00,0.92100000,0.94780000,0.86780000,0.88460000,17288653.00000000,1649894400000
2022-04-15 00:00:00,0.88480000,0.90380000,0.87230000,0.88830000,8301702.00000000,1649980800000
2022-04-16 00:00:00,0.89550000,0.91970000,0.88120000,0.90300000,10145712.00000000,1650067200000
2022-04-17 00:00:00,0.90300000,0.90790000,0.84770000,0.85280000,10615116.00000000,1650153600000
2022-04-18 00:00:00,0.85260000,0.96000000,0.82470000,0.93040000,44606963.00000000,1650240000000
2022-04-19 00:00:00,0.93000000,0.97890000,0.92200000,0.95950000,28964137.00000000,1650326400000
2022-04-20 00:00:00,0.95990000,1.04090000,0.92950000,0.95350000,52938693.00000000,1650412800000
2022-04-21 00:00:00,0.95350000,0.98210000,0.89620000,0.92100000,28172628.00000000,1650499200000
2022-04-22 00:00:00,0.92100000,0.98850000,0.91200000,0.95890000,36778530.00000000,1650585600000
2022-04-23 00:00:00,0.95890000,0.98430000,0.91560000,0.92470000,17804347.00000000,1650672000000
2022-04-24 00:00:00,0.92480000,0.94120000,0.88540000,0.89350000,15872621.00000000,1650758400000
2022-04-25 00:00:00,0.89380000,0.89610000,0.83460000,0.89040000,23753201.00000000,1650844800000
2022-04-26 00:00:00,0.89060000,0.90390000,0.80620000,0.82020000,18506455.00000000,1650931200000
2022-04-27 00:00:00,0.82020000,0.87010000,0.81370000,0.85690000,14819024.00000000,1651017600000
2022-04-28 00:00:00,0.85700000,0.86790000,0.82400000,0.84200000,20721496.00000000,1651104000000
2022-04-29 00:00:00,0.84190000,0.84640000,0.76690000,0.78900000,17488593.00000000,1651190400000
2022-04-30 00:00:00,0.78920000,0.79640000,0.64530000,0.68110000,29639139.00000000,1651276800000
2022-05-01 00:00:00,0.68100000,0.76140000,0.67140000,0.74400000,26019726.00000000,1651363200000
2022-05-02 00:00:00,0.74380000,0.78180000,0.70320000,0.74730000,28728268.00000000,1651449600000
2022-05-03 00:00:00,0.74730000,0.78250000,0.70950000,0.72260000,25447802.00000000,1651536000000
2022-05-04 00:00:00,0.72270000,0.82200000,0.71870000,0.81620000,25850827.00000000,1651622400000
2022-05-05 00:00:00,0.81640000,0.85570000,0.71100000,0.74260000,43966962.00000000,1651708800000
2022-05-06 00:00:00,0.74240000,0.75700000,0.70350000,0.72520000,24945172.00000000,1651795200000
2022-05-07 00:00:00,0.72480000,0.72740000,0.67610000,0.69410000,14445523.00000000,1651881600000
2022-05-08 00:00:00,0.69410000,0.69930000,0.65350000,0.66460000,23585977.00000000,1651968000000
2022-05-09 00:00:00,0.66440000,0.67930000,0.54110000,0.54510000,49658458.00000000,1652054400000
2022-05-10 00:00:00,0.54450000,0.63530000,0.52400000,0.57310000,66259475.00000000,1652140800000
2022-05-11 00:00:00,0.57310000,0.58920000,0.37990000,0.42080000,83080453.00000000,1652227200000
2022-05-12 00:00:00,0.42040000,0.45020000,0.32590000,0.39560000,66248126.00000000,1652313600000
2022-05-13 00:00:00,0.39560000,0.53500000,0.38710000,0.46530000,58718247.00000000,1652400000000
2022-05-14 00:00:00,0.46520000,0.48730000,0.43080000,0.47680000,31469842.00000000,1652486400000
2022-05-15 00:00:00,0.47710000,0.51590000,0.45280000,0.51530000,27360269.00000000,1652572800000
2022-05-16 00:00:00,0.51500000,0.51500000,0.45760000,0.46660000,31657103.00000000,1652659200000
2022-05-17 00:00:00,0.46650000,0.51300000,0.46470000,0.50070000,24571395.00000000,1652745600000
2022-05-18 00:00:00,0.50050000,0.51000000,0.44680000,0.45320000,25678539.00000000,1652832000000
2022-05-19 00:00:00,0.45310000,0.48920000,0.44310000,0.48510000,24696923.00000000,1652918400000
2022-05-20 00:00:00,0.48510000,0.50960000,0.46020000,0.48390000,30125899.00000000,1653004800000
2022-05-21 00:00:00,0.48380000,0.50010000,0.46750000,0.49050000,19820481.00000000,1653091200000
2022-05-22 00:00:00,0.49050000,0.51630000,0.48350000,0.51250000,25666046.00000000,1653177600000
2022-05-23 00:00:00,0.51240000,0.66690000,0.49410000,0.55310000,125076177.00000000,1653264000000
2022-05-24 00:00:00,0.55320000,0.58710000,0.51650000,0.55490000,64881042.00000000,1653350400000
2022-05-25 00:00:00,0.55470000,0.63870000,0.55020000,0.61480000,75976324.00000000,1653436800000
2022-05-26 00:00:00,0.61450000,0.62750000,0.50290000,0.51000000,79324670.00000000,1653523200000
2022-05-27 00:00:00,0.51010000,0.51550000,0.46330000,0.47900000,65652507.00000000,1653609600000
2022-05-28 00:00:00,0.47960000,0.49420000,0.46770000,0.48300000,28238191.00000000,1653696000000
2022-05-29 00:00:00,0.48310000,0.50160000,0.46590000,0.49420000,24683994.00000000,1653782400000
2022-05-30 00:00:00,0.49420000,0.51910000,0.48430000,0.51780000,5113135.00000000,1653868800000
2022-05-31 00:00:00,0.57010000,0.57710000,0.52640000,0.56650000,39106579.00000000,1653955200000
2022-06-01 00:00:00,0.56670000,0.60090000,0.50640000,0.52470000,51730743.00000000,1654041600000
2022-06-02 00:00:00,0.52450000,0.55730000,0.51150000,0.55060000,27639466.00000000,1654128000000
2022-06-03 00:00:00,0.55100000,0.55340000,0.50990000,0.51690000,19817010.00000000,1654214400000
2022-06-04 00:00:00,0.51690000,0.52220000,0.49700000,0.51400000,14025982.00000000,1654300800000
2022-06-05 00:00:00,0.51570000,0.51670000,0.51530000,0.51670000,9651.00000000,1654387200000
